5572, 225150860 
8089, 225150854 
7130, 225150854 
8463, 225150851 
5749, 225150866 
8815, 225150854 
5500, 225150860 
934, 225150860 
7978, 225150851 
3873, 225150842 
6316, 225150854 
4533, 225150860 
3918, 225150851 
4276, 225150857 
9514, 225150851 
9794, 225150869 
5087, 225150854 
3800, 225150860 
3512, 225150860 
7699, 225150848 
7807, 225150842 
7926, 225150860 
7494, 225150869 
8508, 225150851 
7929, 225150854 
5828, 225150854 
7259, 225150857 
7209, 225150857 
2667, 225150848 
5851, 225150866 
7997, 225150854 
8787, 225150863 
9814, 225150863 
4170, 225150851 
2838, 225150851 
9050, 225150863 
7193, 225150857 
4010, 225150848 
4688, 225150851 
6321, 225150848 
9047, 225150875 
1740, 225150848 
8821, 225150857 
3315, 225150848 
3007, 225150842 
6707, 225150854 
7735, 225150848 
7077, 225150854 
5479, 225150854 
9899, 225150866 
4700, 225150854 
5960, 225150857 
6774, 225150851 
9971, 225150857 
8475, 225150842 
4142, 225150851 
6924, 225150854 
7464, 225150860 
3348, 225150860 
6955, 225150857 
3111, 225150851 
5023, 225150863 
9731, 225150842 
6793, 225150848 
2971, 225150854 
7671, 225150863 
6617, 225150866 
7479, 225150851 
8633, 225150860 
8691, 225150866 
7527, 225150875 
4416, 225150857 
1881, 225150845 
7967, 225150851 
4923, 225150863 
8937, 225150857 
6919, 225150854 
6651, 225150848 
8129, 225150857 
3445, 225150851 
5243, 225150851 
1862, 225150851 
5571, 225150860 
3796, 225150848 
7119, 225150857 
6986, 225150857 
6905, 225150857 
8557, 225150863 
8786, 225150863 
4613, 225150857 
5449, 225150860 
9951, 225150854 
3437, 225150842 
8186, 225150857 
3214, 225150860 
8214, 225150863 
6189, 225150857 
99, 225150845 
1761, 225150848 
4102, 225150857 
